Member_state,Heritage_element,Status_Inscribed_or_Proclaimed,Region,Start,End
Afghanistan / Azerbaijan / India / Iran / Iraq / Kazakhstan / Kyrgyzstan / Pakistan / Tajikistan / Turkey / Turkmenistan / Uzbekistan,"Nawrouz, Novruz, Nowrouz, Nowrouz, Nawrouz, Nauryz, Nooruz, Nowruz, Navruz, Nevruz, Nowruz, Navruz",inscribed,APA,2016,
Afghanistan / Azerbaijan / Iran / Turkey / Tajikistan / Turkmenistan / Uzbekistan,Sericulture and traditional production of silk for weaving,inscribed,APA,2022,
Afghanistan / Iran,Yaldā/Chella,inscribed,APA,2022,
Afghanistan / Iran,Iso-Polyphony,proclaimed,ENA,2005,
Afghanistan / Iran,Iso-Polyphony,inscribed,ENA,2008,
Albania / Andorra / Austria / Croatia / France / Greece / Italy / Luxembourg / Romania / Spain,"Transhumance, the seasonal droving of livestock",inscribed,ENA,2023,
Albania / Andorra / Austria / Croatia / France / Greece / Italy / Luxembourg / Romania / Spain,"Ritual and ceremonies of Sebiba in the oasis of Djanet, Algeria",inscribed,AST,2014,
Albania / Andorra / Austria / Croatia / France / Greece / Italy / Luxembourg / Romania / Spain,Ahellil of Gourara,proclaimed,AST,2005,
Albania / Andorra / Austria / Croatia / France / Greece / Italy / Luxembourg / Romania / Spain,Ahellil of Gourara,inscribed,AST,2008,
Albania / Andorra / Austria / Croatia / France / Greece / Italy / Luxembourg / Romania / Spain,Rites and craftsmanship associated with the wedding costume tradition of Tlemcen,inscribed,AST,2012,
Albania / Andorra / Austria / Croatia / France / Greece / Italy / Luxembourg / Romania / Spain,Annual pilgrimage to the mausoleum of Sidi 'Abd el-Qader Ben Mohammed (Sidi Cheikh),inscribed,AST,2017,
Albania / Andorra / Austria / Croatia / France / Greece / Italy / Luxembourg / Romania / Spain,"Sbuâ, annual pilgrimage to the zawiya of Sidi El Hadj Belkacem in Gourara",inscribed,AST,2015,
Albania / Andorra / Austria / Croatia / France / Greece / Italy / Luxembourg / Romania / Spain,"Raï, popular folk song of Algeria",inscribed,AST,2022,
Andorra / France,Bear festivities in the Pyrenees,inscribed,ENA,2022,
Andorra / France / Spain,Summer solstice fire festivals in the Pyrenees,inscribed,ENA,2015,
Andorra / France / Spain,"Sona, drawings and geometric figures on sand",inscribed,AFR,2023,
Andorra / France / Spain,"Filete porteño in Buenos Aires, a traditional painting technique",inscribed,LAC,2015,
Andorra / France / Spain,Chamamé,inscribed,LAC,2020,
Argentina / Uruguay,Tango,inscribed,LAC,2009,
Argentina / Uruguay,Duduk and its music,proclaimed,ENA,2005,
Argentina / Uruguay,Duduk and its music,inscribed,ENA,2008,
Argentina / Uruguay,Armenian cross-stones art. Symbolism and craftsmanship of Khachkars,inscribed,ENA,2010,
Argentina / Uruguay,Performance of the Armenian epic of 'Daredevils of Sassoun' or 'David of Sassoun',inscribed,ENA,2012,
Argentina / Uruguay,"Lavash, the preparation, meaning and appearance of traditional bread as an expression of culture in Armenia",inscribed,ENA,2014,
Argentina / Uruguay,"Kochari, traditional group dance",inscribed,ENA,2017,
Argentina / Uruguay,Armenian letter art and its cultural expressions,inscribed,ENA,2019,
Argentina / Uruguay,Tradition of blacksmithing in Gyumri,inscribed,ENA,2023,
Armenia / Iran,"Pilgrimage to the St. Thaddeus Apostle Monastery, Saint Stepanos Monastery, Chapel of Dzordzor, Chapel of Chupan, Church of the Holy Mother of God, Darashamb.",inscribed,APA,2020,
Armenia / Iran,"Schemenlaufen, the carnival of Imst, Austria",inscribed,ENA,2012,
Armenia / Iran,Classical horsemanship and the High School of the Spanish Riding School Vienna,inscribed,ENA,2015,
Austria / Belgium / Croatia / Czech Republic / France / Germany / Hungary / Ireland / Italy / Kazakhstan / South Korea / Kyrgyzstan / Mongolia / Netherlands / Morocco / Pakistan / Poland / Portugal / Qatar / Saudi Arabia / Slovakia / Spain / Syria / United Arab Emirates,"Falconry, a living human heritage",inscribed,"AFR, APA, AST, ENA",2021,
Austria / Belgium / Germany / Italy / Luxembourg / Netherlands /  / Switzerland,"Traditional irrigation: knowledge, technique, and organization",inscribed,ENA,2023,
Austria / Bosnia and Herzegovina / Croatia / Hungary / Italy / Romania / Slovakia / Slovenia,Lipizzan horse breeding traditions,inscribed,ENA,2022,
Austria / Czech Republic / Germany / Hungary / Slovakia,"Blaudruck/Modrotisk/Kékfestés/Modrotlač, resist block printing and indigo dyeing in Europe",inscribed,ENA,2018,
Austria / Czech Republic / Germany / Latvia / Poland / Spain,Timber rafting,inscribed,ENA,2022,
Austria / Greece / Italy / Romania,"Transhumance, the seasonal droving of livestock along migratory routes in the Mediterranean and in the Alps",inscribed,ENA,2019,
Austria /  / Switzerland,Avalanche risk management,inscribed,ENA,2018,
Austria /  / Switzerland,Azerbaijani Mugham,proclaimed,APA,2003,
Austria /  / Switzerland,Azerbaijani Mugham,inscribed,APA,2008,
Austria /  / Switzerland,Art of Azerbaijani Ashiq,inscribed,APA,2009,
Austria /  / Switzerland,Traditional art of Azerbaijani carpet weaving in the Republic of Azerbaijan,inscribed,APA,2010,
Austria /  / Switzerland,"Craftsmanship and performance art of the Tar, a long-necked string musical instrument",inscribed,APA,2012,
Austria /  / Switzerland,"Traditional art and symbolism of Kelaghayi, making and wearing women's silk headscarves",inscribed,APA,2014,
Austria /  / Switzerland,Copper craftsmanship of Lahij,inscribed,APA,2015,
Austria /  / Switzerland,"Dolma making and sharing tradition, a marker of cultural identity",inscribed,APA,2017,
Austria /  / Switzerland,"Nar Bayrami, traditional pomegranate festivity and culture",inscribed,APA,2020,
Austria /  / Switzerland,"Pehlevanliq culture: traditional zorkhana games, sports and wrestling",inscribed,APA,2022,
Azerbaijan / Iran,"Art of crafting and playing with Kamantcheh/Kamancha, a bowed string musical instrument",inscribed,APA,2017,
Azerbaijan / Iran / Tajikistan / Turkey / Uzbekistan,Art of illumination: Təzhib/Tazhib/Zarhalkori/Tezhip/Naqqoshlik,inscribed,APA,2023,
Azerbaijan / Iran / Turkey / Uzbekistan,Art of miniature,inscribed,APA,2020,
Azerbaijan / Iran / Turkey / Uzbekistan,Iftar/Eftari/Iftar/Iftor and its socio-cultural traditions,inscribed,APA,2023,
Azerbaijan / Iran / Kazakhstan / Kyrgyzstan / Turkey,"Flatbread making and sharing culture: Lavash, Katyrma, Jupka, Yufka",inscribed,APA,2016,
Azerbaijan / Kazakhstan / Kyrgyzstan / Tajikistan / Turkey / Turkmenistan / Uzbekistan,Telling tradition of Nasreddin Hodja/ Molla Nesreddin/ Molla Ependi/ Apendi/ Afendi Kozhanasyr Anecdotes,inscribed,APA,2022,
Azerbaijan / Kazakhstan / Turkey,"Heritage of Dede Qorqud/Korkyt Ata/Dede Korkut, epic culture, folk tales and music",inscribed,APA,2018,
Azerbaijan / Turkey,"Culture of Çay (tea), a symbol of identity, hospitality and social interaction",inscribed,APA,2022,
Azerbaijan / Turkey,Craftsmanship and performing art of balaban/mey,inscribed,APA,2023,
Azerbaijan / Turkey,Craftsmanship of mother of pearl inlay,inscribed,APA,2023,
Azerbaijan / Turkey,Junkanoo,inscribed,LAC,2023,
Azerbaijan / Turkey,Fjiri,inscribed,ARB,2021,
Bahrain / Egypt / Iraq / Jordan / Kuwait / Mauritania / Morocco / Oman / Palestine / Saudi Arabia / Sudan / Tunisia / United Arab Emirates / Yemen,"Date palm, knowledge, skills, traditions and practices",inscribed,ARB,2019,
Bahrain / Egypt / Iraq / Jordan / Kuwait / Mauritania / Morocco / Oman / Palestine / Saudi Arabia / Sudan / Tunisia / United Arab Emirates / Yemen,"Date palm, knowledge, skills, traditions and practices",inscribed,ARB,2022,
Bahrain / Egypt / Iraq / Jordan / Kuwait / Mauritania / Morocco / Oman / Palestine / Saudi Arabia / Sudan / Tunisia / United Arab Emirates / Yemen,Baul songs,proclaimed,APA,2005,
Bahrain / Egypt / Iraq / Jordan / Kuwait / Mauritania / Morocco / Oman / Palestine / Saudi Arabia / Sudan / Tunisia / United Arab Emirates / Yemen,Baul songs,inscribed,APA,2008,
Bahrain / Egypt / Iraq / Jordan / Kuwait / Mauritania / Morocco / Oman / Palestine / Saudi Arabia / Sudan / Tunisia / United Arab Emirates / Yemen,Traditional art of Jamdani weaving,inscribed,APA,2013,
Bahrain / Egypt / Iraq / Jordan / Kuwait / Mauritania / Morocco / Oman / Palestine / Saudi Arabia / Sudan / Tunisia / United Arab Emirates / Yemen,Mangal Shobhajatra on Pahela Baishakh,inscribed,APA,2016,
Bahrain / Egypt / Iraq / Jordan / Kuwait / Mauritania / Morocco / Oman / Palestine / Saudi Arabia / Sudan / Tunisia / United Arab Emirates / Yemen,Traditional art of Shital Pati weaving of Sylhet,inscribed,APA,2017,
Bahrain / Egypt / Iraq / Jordan / Kuwait / Mauritania / Morocco / Oman / Palestine / Saudi Arabia / Sudan / Tunisia / United Arab Emirates / Yemen,Rickshaws & Rickshaw painting in Dhaka,inscribed,APA,2023,
Bahrain / Egypt / Iraq / Jordan / Kuwait / Mauritania / Morocco / Oman / Palestine / Saudi Arabia / Sudan / Tunisia / United Arab Emirates / Yemen,Annual celebration in honor of Our Lady of Budslau,inscribed,ENA,2018,
Bahrain / Egypt / Iraq / Jordan / Kuwait / Mauritania / Morocco / Oman / Palestine / Saudi Arabia / Sudan / Tunisia / United Arab Emirates / Yemen,"Straw weaving in Belarus, art, craft and skills",inscribed,ENA,2022,
Belarus / Poland,Tree beekeeping culture,inscribed,ENA,2020,
Belarus / Poland,Carnival of Binche,proclaimed,ENA,2003,
Belarus / Poland,Carnival of Binche,inscribed,ENA,2008,
Belarus / Poland,Procession of the Holy Blood in Bruges,inscribed,ENA,2009,
Belarus / Poland,"Houtem Jaarmarkt, annual winter fair and livestock market at Sint-Lievens-Houtem",inscribed,ENA,2010,
Belarus / Poland,"Krakelingen and Tonnekensbrand, end-of-winter bread and fire feast at Geraardsbergen",inscribed,ENA,2010,
Belarus / Poland,Leuven age set ritual repertoire,inscribed,ENA,2011,
Belarus / Poland,Marches of Entre-Sambre-et-Meuse,inscribed,ENA,2012,
Belarus / Poland,Shrimp fishing on horseback in Oostduinkerke,inscribed,ENA,2013,
Belarus / Poland,Beer culture in Belgium,inscribed,ENA,2016,
Belarus / Poland,"Ommegang of Brussels, an annual historical procession and popular festival",inscribed,ENA,2019,
Belarus / Poland,Namur stilt jousting,inscribed,ENA,2021,
Belgium / France,Processional giants and dragons in Belgium and France,proclaimed,ENA,2005,
Belgium / France,Processional giants and dragons in Belgium and France,inscribed,ENA,2008,
Belgium / France / Italy / Luxembourg,"Musical art of horn players, an instrumental technique linked to singing, breath control, vibrato, resonance of place and conviviality",inscribed,ENA,2020,
Benin / Nigeria / Togo,Oral heritage of Gelede,proclaimed,AFR,2001,
Benin / Nigeria / Togo,Oral heritage of Gelede,inscribed,AFR,2008,
Benin / Nigeria / Togo,Mask dance of the drums from Drametse,proclaimed,APA,2005,
Benin / Nigeria / Togo,Mask dance of the drums from Drametse,inscribed,APA,2008,
Benin / Nigeria / Togo,Andean cosmovision of the Kallawaya,proclaimed,LAC,2003,
Benin / Nigeria / Togo,Andean cosmovision of the Kallawaya,inscribed,LAC,2008,
Benin / Nigeria / Togo,Carnival of Oruro,proclaimed,LAC,2001,
Benin / Nigeria / Togo,Carnival of Oruro,inscribed,LAC,2008,
Benin / Nigeria / Togo,"Ichapekene Piesta, the biggest festival of San Ignacio de Moxos",inscribed,LAC,2012,
Benin / Nigeria / Togo,"Pujllay and Ayarichi, music and dances of the Yampara culture",inscribed,LAC,2014,
Benin / Nigeria / Togo,Ritual journeys in La Paz during Alasita,inscribed,LAC,2017,
Benin / Nigeria / Togo,The festival of the Santísima Trinidad del Señor Jesús del Gran Poder in the city of La Paz,inscribed,LAC,2019,
Benin / Nigeria / Togo,Grand Festival of Tarija,inscribed,LAC,2021,
Benin / Nigeria / Togo,"Ch'utillos, the Festival of San Bartolomé and San Ignacio de Loyola, the meeting of cultures in Potosí",inscribed,LAC,2023,
Benin / Nigeria / Togo,Zmijanje embroidery,inscribed,ENA,2014,
Benin / Nigeria / Togo,Konjic woodcarving,inscribed,ENA,2017,
Benin / Nigeria / Togo,Picking of iva grass on Ozren mountain,inscribed,ENA,2018,
Benin / Nigeria / Togo,Grass mowing competition custom in Kupres,inscribed,ENA,2020,
Benin / Nigeria / Togo,Oral and graphic expressions of the Wajapi,proclaimed,LAC,2003,
Benin / Nigeria / Togo,Oral and graphic expressions of the Wajapi,inscribed,LAC,2008,
Benin / Nigeria / Togo,Samba de Roda of the Recôncavo of Bahia,proclaimed,LAC,2005,
Benin / Nigeria / Togo,Samba de Roda of the Recôncavo of Bahia,inscribed,LAC,2008,
Benin / Nigeria / Togo,"Frevo, performing arts of the Carnival of Recife",inscribed,LAC,2012,
Benin / Nigeria / Togo,"Círio de Nazaré (The Taper of Our Lady of Nazareth) in the city of Belém, Pará",inscribed,LAC,2013,
Benin / Nigeria / Togo,Capoeira circle,inscribed,LAC,2014,
Benin / Nigeria / Togo,Cultural Complex of Bumba-meu-boi from Maranhão,inscribed,LAC,2019,
Benin / Nigeria / Togo,"Bistritsa Babi, archaic polyphony, dances and rituals from the Shoplouk region",proclaimed,ENA,2005,
Benin / Nigeria / Togo,"Bistritsa Babi, archaic polyphony, dances and rituals from the Shoplouk region",inscribed,ENA,2008,
Benin / Nigeria / Togo,"Nestinarstvo, messages from the past: the Panagyr of Saints Constantine and Helena in the village of Bulgari",inscribed,ENA,2009,
Benin / Nigeria / Togo,The tradition of carpet-making in Chiprovtsi,inscribed,ENA,2014,
Benin / Nigeria / Togo,Surva folk feast in Pernik region,inscribed,ENA,2015,
Benin / Nigeria / Togo,"Visoko multipart singing from Dolen and Satovcha, South-western Bulgaria",inscribed,ENA,2021,
Bulgaria / North Macedonia / Moldova / Romania,Cultural practices associated with 1 March,inscribed,ENA,2017,
Cambodia / Philippines / South Korea / Vietnam,Tugging rituals and games,inscribed,APA,2015,
Cambodia / Philippines / South Korea / Vietnam,"Nguon, rituals of governance and associated expressions in the Bamoun community",inscribed,AFR,2023,
Cambodia / Philippines / South Korea / Vietnam,Polyphonic singing of the Aka Pygmies of Central Africa,proclaimed,AFR,2003,
Cambodia / Philippines / South Korea / Vietnam,Polyphonic singing of the Aka Pygmies of Central Africa,inscribed,AFR,2008,
Cambodia / Philippines / South Korea / Vietnam,Baile Chino,inscribed,LAC,2014,
Cambodia / Philippines / South Korea / Vietnam,Kun Qu opera,proclaimed,APA,2001,
Cambodia / Philippines / South Korea / Vietnam,Kun Qu opera,inscribed,APA,2008,
Cambodia / Philippines / South Korea / Vietnam,Guqin and its music,proclaimed,APA,2003,
Cambodia / Philippines / South Korea / Vietnam,Guqin and its music,inscribed,APA,2008,
Cambodia / Philippines / South Korea / Vietnam,Uyghur Muqam of Xinjiang,proclaimed,APA,2005,
Cambodia / Philippines / South Korea / Vietnam,Uyghur Muqam of Xinjiang,inscribed,APA,2008,
Cambodia / Philippines / South Korea / Vietnam,Art of Chinese seal engraving,inscribed,APA,2009,
Cambodia / Philippines / South Korea / Vietnam,China engraved block printing technique,inscribed,APA,2009,
Cambodia / Philippines / South Korea / Vietnam,Chinese calligraphy,inscribed,APA,2009,
Cambodia / Philippines / South Korea / Vietnam,Chinese paper-cut,inscribed,APA,2009,
Cambodia / Philippines / South Korea / Vietnam,Chinese traditional architectural craftsmanship for timber-framed structures,inscribed,APA,2009,
Cambodia / Philippines / South Korea / Vietnam,Craftsmanship of Nanjing yunjin brocade,inscribed,APA,2009,
Cambodia / Philippines / South Korea / Vietnam,Dragon Boat festival,inscribed,APA,2009,
Cambodia / Philippines / South Korea / Vietnam,Pungmul (Farmers' dance of China's Korean ethnic group),inscribed,APA,2009,
Cambodia / Philippines / South Korea / Vietnam,Gesar epic tradition,inscribed,APA,2009,
Cambodia / Philippines / South Korea / Vietnam,Grand song of the Dong ethnic group,inscribed,APA,2009,
Cambodia / Philippines / South Korea / Vietnam,Hua'er,inscribed,APA,2009,
Cambodia / Philippines / South Korea / Vietnam,Manas,inscribed,APA,2009,
Cambodia / Philippines / South Korea / Vietnam,Mazu belief and customs,inscribed,APA,2009,
Cambodia / Philippines / South Korea / Vietnam,Nanyin,inscribed,APA,2009,
Cambodia / Philippines / South Korea / Vietnam,Regong arts,inscribed,APA,2009,
Cambodia / Philippines / South Korea / Vietnam,Sericulture and silk craftsmanship of China,inscribed,APA,2009,
Cambodia / Philippines / South Korea / Vietnam,Tibetan opera,inscribed,APA,2009,
Cambodia / Philippines / South Korea / Vietnam,Traditional firing technology of Longquan celadon,inscribed,APA,2009,
Cambodia / Philippines / South Korea / Vietnam,Traditional handicrafts of making Xuan paper,inscribed,APA,2009,
Cambodia / Philippines / South Korea / Vietnam,Xi'an wind and percussion ensemble,inscribed,APA,2009,
Cambodia / Philippines / South Korea / Vietnam,Yueju opera,inscribed,APA,2009,
Cambodia / Philippines / South Korea / Vietnam,Acupuncture and moxibustion of traditional Chinese medicine,inscribed,APA,2010,
Cambodia / Philippines / South Korea / Vietnam,Peking opera,inscribed,APA,2010,
Cambodia / Philippines / South Korea / Vietnam,Chinese shadow puppetry,inscribed,APA,2011,
Cambodia / Philippines / South Korea / Vietnam,"Chinese Zhusuan, knowledge and practices of mathematical calculation through the abacus",inscribed,APA,2013,
Cambodia / Philippines / South Korea / Vietnam,"The Twenty-Four Solar Terms, knowledge of time and practices developed in China through observation of the sun's annual motion",inscribed,APA,2016,
Cambodia / Philippines / South Korea / Vietnam,"Lum medicinal bathing of Sowa Rigpa, knowledge and practices concerning life, health and illness prevention and treatment among the Tibetan people in China",inscribed,APA,2018,
Cambodia / Philippines / South Korea / Vietnam,Taijiquan,inscribed,APA,2020,
Cambodia / Philippines / South Korea / Vietnam,Traditional tea processing techniques and associated social practices in China,inscribed,APA,2022,
China / Mongolia,Mongolian Urtiin Duu – Traditional Folk Long Song,proclaimed,APA,2005,
China / Mongolia,Mongolian Urtiin Duu – Traditional Folk Long Song,inscribed,APA,2008,
China / Malaysia,"Ong Chun/Wangchuan/Wangkang ceremony, rituals and related practices for maintaining the sustainable connection between man and the ocean",inscribed,APA,2020,
China / Malaysia,Carnival of Barranquilla,proclaimed,LAC,2003,
China / Malaysia,Carnival of Barranquilla,inscribed,LAC,2008,
China / Malaysia,Cultural space of Palenque de San Basilio,proclaimed,LAC,2005,
China / Malaysia,Cultural space of Palenque de San Basilio,inscribed,LAC,2008,
China / Malaysia,Carnaval de Negros y Blancos,inscribed,LAC,2009,
China / Malaysia,Holy Week processions in Popayán,inscribed,LAC,2009,
China / Malaysia,"Wayuu normative system, applied by the Pütchipü'üi (palabrero)",inscribed,LAC,2010,
China / Malaysia,Traditional knowledge of the jaguar shamans of Yuruparí,inscribed,LAC,2011,
China / Malaysia,"Festival of Saint Francis of Assisi, Quibdó",inscribed,LAC,2012,
China / Malaysia,"Ancestral system of knowledge of the four indigenous peoples, Arhuaco, Kankuamo, Kogui and Wiwa of the Sierra Nevada de Santa Marta",inscribed,LAC,2022,
Colombia / Cyprus / Germany / Kyrgyzstan / Luxembourg / Nigeria / Slovenia / Togo,"Midwifery: knowledge, skills and practices",inscribed,"LAC, ENA, AST, AFR",2023,
Colombia / Ecuador,"Marimba music, traditional chants and dances from the Colombia South Pacific region and Esmeraldas Province of Ecuador",inscribed,LAC,2015,
Colombia / Ecuador,Oxherding and oxcart traditions in Costa Rica,proclaimed,LAC,2005,
Colombia / Ecuador,Oxherding and oxcart traditions in Costa Rica,inscribed,LAC,2008,
Colombia / Ecuador,"Gbofe of Afounkaha, the music of the transverse trumps of the Tagbana community",proclaimed,AFR,2001,
Colombia / Ecuador,"Gbofe of Afounkaha, the music of the transverse trumps of the Tagbana community",inscribed,AFR,2008,
Colombia / Ecuador,"Zaouli, popular music and dance of the Guro communities in Côte d'Ivoire",inscribed,AFR,2017,
Colombia / Ecuador,Traditional skills of loincloth weaving in Côte d’Ivoire,inscribed,AFR,2023,
Colombia / Ecuador,"Zvončari, annual carnival bell ringers' pageant from the Kastav area",inscribed,ENA,2009,
Colombia / Ecuador,"Festivity of Saint Blaise, the patron of Dubrovnik",inscribed,ENA,2009,
Colombia / Ecuador,Lacemaking in Croatia,inscribed,ENA,2009,
Colombia / Ecuador,Procession Za Krizen ('following the cross') on the island of Hvar,inscribed,ENA,2009,
Colombia / Ecuador,Spring procession of Ljelje/Kraljice (queens) from Gorjani,inscribed,ENA,2009,
Colombia / Ecuador,Traditional manufacturing of children's wooden toys in Hrvatsko Zagorje,inscribed,ENA,2009,
Colombia / Ecuador,Two-part singing and playing in the Istrian scale,inscribed,ENA,2009,
Colombia / Ecuador,Gingerbread craft from Northern Croatia,inscribed,ENA,2010,
Colombia / Ecuador,"Sinjska alka, a knights' tournament in Sinj",inscribed,ENA,2010,
Colombia / Ecuador,Bećarac singing and playing from Eastern Croatia,inscribed,ENA,2011,
Colombia / Ecuador,"Nijemo Kolo, silent circle dance of the Dalmatian hinterland",inscribed,ENA,2011,
Colombia / Ecuador,"Klapa multipart singing of Dalmatia, southern Croatia",inscribed,ENA,2012,
Colombia / Ecuador,"Međimurska popevka, a folksong from Međimurje",inscribed,ENA,2018,
Colombia / Ecuador,"Festivity of Saint Tryphon and the Kolo (chain dance) of Saint Tryphon, traditions of Croats from Boka Kotorska (Bay of Kotor) who live in the Republic of Croatia",inscribed,ENA,2022,
Croatia / Cyprus / France / Greece / Italy / Slovenia / Spain /  / Switzerland,"Art of dry stone walling, knowledge and techniques",inscribed,ENA,2018,
Croatia / Cyprus / Greece / Italy / Morocco / Portugal / Spain,"Mediterranean diet
(In 2010, Italy, Spain, Greece and Morocco were the first to be recognised, but on 4 December 2013, Portugal, Cyprus and Croatia were also recognised by UNESCO.)",inscribed,"ENA, AFR",2013,
Croatia / Cyprus / Greece / Italy / Morocco / Portugal / Spain,"La Tumba Francesa, a secular Afro-Cuban genre of dance, song, and drumming",proclaimed,LAC,2003,
Croatia / Cyprus / Greece / Italy / Morocco / Portugal / Spain,"La Tumba Francesa, a secular Afro-Cuban genre of dance, song, and drumming",inscribed,LAC,2008,
Croatia / Cyprus / Greece / Italy / Morocco / Portugal / Spain,"Rumba in Cuba, a festive combination of music and dances and all the practices associated",inscribed,LAC,2016,
Croatia / Cyprus / Greece / Italy / Morocco / Portugal / Spain,Punto,inscribed,LAC,2017,
Croatia / Cyprus / Greece / Italy / Morocco / Portugal / Spain,Festivity of Las Parrandas in the centre of Cuba,inscribed,LAC,2018,
Croatia / Cyprus / Greece / Italy / Morocco / Portugal / Spain,Knowledge of the light rum masters,inscribed,LAC,2022,
Cuba / Mexico,"Bolero: identity, emotion and poetry turned into song",inscribed,LAC,2023,
Cuba / Mexico,Lefkara laces or Lefkaritika,inscribed,ENA,2009,
Cuba / Mexico,Tsiattista poetic duelling,inscribed,ENA,2011,
Czech Republic / Finland / France / Germany / Hungary / Spain,"Knowledge, craft and skills of handmade glass production",inscribed,ENA,2023,
Czech Republic / Slovakia,Puppetry in Slovakia and Czechia,inscribed,ENA,2016,
Denmark / Finland / Iceland / Norway / Sweden,Nordic clinker boat traditions,inscribed,ENA,2021,
Denmark / Finland / Iceland / Norway / Sweden,Cultural Space of the Brotherhood of the Holy Spirit of the Congos of Villa Mella,proclaimed,LAC,2001,
Denmark / Finland / Iceland / Norway / Sweden,Cultural Space of the Brotherhood of the Holy Spirit of the Congos of Villa Mella,inscribed,LAC,2008,
Denmark / Finland / Iceland / Norway / Sweden,Cocolo Dance Drama Tradition,proclaimed,LAC,2005,
Denmark / Finland / Iceland / Norway / Sweden,Cocolo Dance Drama Tradition,inscribed,LAC,2008,
Denmark / Finland / Iceland / Norway / Sweden,Music and dance of the merengue,inscribed,LAC,2016,
Denmark / Finland / Iceland / Norway / Sweden,Music and dance of Bachata,inscribed,LAC,2019,
Denmark / Finland / Iceland / Norway / Sweden,Traditional weaving of the Ecuadorian toquilla straw hat,inscribed,LAC,2012,
Denmark / Finland / Iceland / Norway / Sweden,"Pasillo, song and poetry",inscribed,LAC,2021,
France / Italy,The art of glass beads,inscribed,ENA,2020,
France / Italy /  / Switzerland,Alpinism,inscribed,ENA,2019,
France /  / Switzerland,Craftsmanship of mechanical watchmaking and art mechanics,inscribed,ENA,2020,
Indonesia / Malaysia,Pantun,inscribed,APA,2020,
Indonesia / Malaysia,Radif of Iranian music,inscribed,APA,2009,
Indonesia / Malaysia,Traditional skills of carpet weaving in Kashan,inscribed,APA,2010,
Indonesia / Malaysia,Traditional skills of carpet weaving in Fars,inscribed,APA,2010,
Indonesia / Malaysia,Ritual dramatic art of Ta'zīye,inscribed,APA,2010,
Indonesia / Malaysia,Pahlevani and Zoorkhanei rituals,inscribed,APA,2010,
Indonesia / Malaysia,Music of the Bakhshis of Khorasan,inscribed,APA,2010,
Indonesia / Malaysia,Qālišuyān rituals of Mašhad-e Ardehāl in Kāšān,inscribed,APA,2012,
Indonesia / Malaysia,"Chogān, a horse-riding game accompanied by music and storytelling",inscribed,APA,2017,
Indonesia / Malaysia,Traditional skills of crafting and playing Dotār,inscribed,APA,2019,
Iran / Syria,Crafting and playing the Oud,inscribed,"APA, ARB",2022,
Iran / Tajikistan,Sadeh/Sada celebration,inscribed,APA,2023,
Iran / Tajikistan,The Iraqi Maqam,proclaimed,AST,2003,
Iran / Tajikistan,The Iraqi Maqam,inscribed,AST,2008,
Iran / Tajikistan,Provision of services and hospitality during the Arba'een visitation,inscribed,AST,2019,
Iran / Tajikistan,Traditional craft skills and arts of Al-Naoor,inscribed,AST,2021,
Iran / Tajikistan,Traditional craft skills and arts of Al-Mudhif building,inscribed,AST,2023,
Iraq / Algeria / Egypt / Mauritania / Morocco / Palestine / Saudi Arabia / Sudan / Tunisia / Yemen,"Arts, skills and practices associated with engraving on metals (gold, silver and copper)",inscribed,"AST, ARB",2023,
Iraq / Algeria / Egypt / Mauritania / Morocco / Palestine / Saudi Arabia / Sudan / Tunisia / Yemen,Uilleann piping,inscribed,ENA,2017,
Iraq / Algeria / Egypt / Mauritania / Morocco / Palestine / Saudi Arabia / Sudan / Tunisia / Yemen,Camogie,inscribed,ENA,2018,
Iraq / Algeria / Egypt / Mauritania / Morocco / Palestine / Saudi Arabia / Sudan / Tunisia / Yemen,Hurling,inscribed,ENA,2018,
Iraq / Algeria / Egypt / Mauritania / Morocco / Palestine / Saudi Arabia / Sudan / Tunisia / Yemen,Irish harping,inscribed,ENA,2019,
Iraq / Algeria / Egypt / Mauritania / Morocco / Palestine / Saudi Arabia / Sudan / Tunisia / Yemen,"Opera dei Pupi, Sicilian Puppet Theatre",proclaimed,ENA,2001,
Iraq / Algeria / Egypt / Mauritania / Morocco / Palestine / Saudi Arabia / Sudan / Tunisia / Yemen,"Opera dei Pupi, Sicilian Puppet Theatre",inscribed,ENA,2008,
Iraq / Algeria / Egypt / Mauritania / Morocco / Palestine / Saudi Arabia / Sudan / Tunisia / Yemen,"Canto a tenore, Sardinian Pastoral Songs",proclaimed,ENA,2005,
Iraq / Algeria / Egypt / Mauritania / Morocco / Palestine / Saudi Arabia / Sudan / Tunisia / Yemen,"Canto a tenore, Sardinian Pastoral Songs",inscribed,ENA,2008,
Iraq / Algeria / Egypt / Mauritania / Morocco / Palestine / Saudi Arabia / Sudan / Tunisia / Yemen,Traditional violin craftsmanship in Cremona,inscribed,ENA,2012,
Iraq / Algeria / Egypt / Mauritania / Morocco / Palestine / Saudi Arabia / Sudan / Tunisia / Yemen,Celebrations of big shoulder-borne processional structures,inscribed,ENA,2013,
Iraq / Algeria / Egypt / Mauritania / Morocco / Palestine / Saudi Arabia / Sudan / Tunisia / Yemen,Traditional agricultural practice of cultivating the vite ad alberello (head-trained bush vines) of the community of Pantelleria,inscribed,ENA,2014,
Iraq / Algeria / Egypt / Mauritania / Morocco / Palestine / Saudi Arabia / Sudan / Tunisia / Yemen,Art of Neapolitan 'Pizzaiuolo',inscribed,ENA,2017,
Iraq / Algeria / Egypt / Mauritania / Morocco / Palestine / Saudi Arabia / Sudan / Tunisia / Yemen,Celestinian forgiveness celebration,inscribed,ENA,2019,
Iraq / Algeria / Egypt / Mauritania / Morocco / Palestine / Saudi Arabia / Sudan / Tunisia / Yemen,"Truffle hunting and extraction in Italy, traditional knowledge and practice",inscribed,ENA,2021,
Iraq / Algeria / Egypt / Mauritania / Morocco / Palestine / Saudi Arabia / Sudan / Tunisia / Yemen,The practice of opera singing in Italy,inscribed,ENA,2023,
Iraq / Algeria / Egypt / Mauritania / Morocco / Palestine / Saudi Arabia / Sudan / Tunisia / Yemen,The Maroon Heritage of Moore Town,proclaimed,LAC,2003,
Iraq / Algeria / Egypt / Mauritania / Morocco / Palestine / Saudi Arabia / Sudan / Tunisia / Yemen,The Maroon Heritage of Moore Town,inscribed,LAC,2008,
Iraq / Algeria / Egypt / Mauritania / Morocco / Palestine / Saudi Arabia / Sudan / Tunisia / Yemen,Reggae music of Jamaica,inscribed,LAC,2018,
Iraq / Algeria / Egypt / Mauritania / Morocco / Palestine / Saudi Arabia / Sudan / Tunisia / Yemen,Nôgaku Theatre,proclaimed,APA,2001,
Iraq / Algeria / Egypt / Mauritania / Morocco / Palestine / Saudi Arabia / Sudan / Tunisia / Yemen,Nôgaku Theatre,inscribed,APA,2008,
Iraq / Algeria / Egypt / Mauritania / Morocco / Palestine / Saudi Arabia / Sudan / Tunisia / Yemen,Ningyo Johruri Bunraku Puppet Theatre,proclaimed,APA,2003,
Iraq / Algeria / Egypt / Mauritania / Morocco / Palestine / Saudi Arabia / Sudan / Tunisia / Yemen,Ningyo Johruri Bunraku Puppet Theatre,inscribed,APA,2008,
Iraq / Algeria / Egypt / Mauritania / Morocco / Palestine / Saudi Arabia / Sudan / Tunisia / Yemen,Kabuki Theatre,proclaimed,APA,2005,
Iraq / Algeria / Egypt / Mauritania / Morocco / Palestine / Saudi Arabia / Sudan / Tunisia / Yemen,Kabuki Theatre,inscribed,APA,2008,
Iraq / Algeria / Egypt / Mauritania / Morocco / Palestine / Saudi Arabia / Sudan / Tunisia / Yemen,Akiu no Taue Odori,inscribed,APA,2009,
Iraq / Algeria / Egypt / Mauritania / Morocco / Palestine / Saudi Arabia / Sudan / Tunisia / Yemen,Chakkirako,inscribed,APA,2009,
Iraq / Algeria / Egypt / Mauritania / Morocco / Palestine / Saudi Arabia / Sudan / Tunisia / Yemen,Daimokutate,inscribed,APA,2009,
Iraq / Algeria / Egypt / Mauritania / Morocco / Palestine / Saudi Arabia / Sudan / Tunisia / Yemen,Dainichido Bugaku,inscribed,APA,2009,
Iraq / Algeria / Egypt / Mauritania / Morocco / Palestine / Saudi Arabia / Sudan / Tunisia / Yemen,Gagaku,inscribed,APA,2009,
Iraq / Algeria / Egypt / Mauritania / Morocco / Palestine / Saudi Arabia / Sudan / Tunisia / Yemen,Hayachine Kagura,inscribed,APA,2009,
Iraq / Algeria / Egypt / Mauritania / Morocco / Palestine / Saudi Arabia / Sudan / Tunisia / Yemen,"Ojiya-chijimi, Echigo-jofu: techniques of making ramie fabric in Uonuma region, Niigata Prefecture",inscribed,APA,2009,
Iraq / Algeria / Egypt / Mauritania / Morocco / Palestine / Saudi Arabia / Sudan / Tunisia / Yemen,Oku-noto no Aenokoto,inscribed,APA,2009,
Iraq / Algeria / Egypt / Mauritania / Morocco / Palestine / Saudi Arabia / Sudan / Tunisia / Yemen,Traditional Ainu dance,inscribed,APA,2009,
Iraq / Algeria / Egypt / Mauritania / Morocco / Palestine / Saudi Arabia / Sudan / Tunisia / Yemen,"Kumiodori, traditional Okinawan musical theatre",inscribed,APA,2010,
Iraq / Algeria / Egypt / Mauritania / Morocco / Palestine / Saudi Arabia / Sudan / Tunisia / Yemen,"Yuki tsumugi, silk fabric production technique",inscribed,APA,2010,
Iraq / Algeria / Egypt / Mauritania / Morocco / Palestine / Saudi Arabia / Sudan / Tunisia / Yemen,"Mibu no Hana Taue, ritual of transplanting rice in Mibu, Hiroshima",inscribed,APA,2011,
Iraq / Algeria / Egypt / Mauritania / Morocco / Palestine / Saudi Arabia / Sudan / Tunisia / Yemen,"Sada Shin Noh, sacred dancing at Sada shrine, Shimane",inscribed,APA,2011,
Iraq / Algeria / Egypt / Mauritania / Morocco / Palestine / Saudi Arabia / Sudan / Tunisia / Yemen,"Nachi no Dengaku, a religious performing art held at the Nachi fire festival",inscribed,APA,2012,
Iraq / Algeria / Egypt / Mauritania / Morocco / Palestine / Saudi Arabia / Sudan / Tunisia / Yemen,"Washoku, traditional dietary cultures of the Japanese, notably for the celebration of New Year",inscribed,APA,2013,
Iraq / Algeria / Egypt / Mauritania / Morocco / Palestine / Saudi Arabia / Sudan / Tunisia / Yemen,"Washi, craftsmanship of traditional Japanese hand-made paper[338]",inscribed,APA,2014,
Iraq / Algeria / Egypt / Mauritania / Morocco / Palestine / Saudi Arabia / Sudan / Tunisia / Yemen,"Yama, Hoko, Yatai, float festivals",inscribed,APA,2016,
Iraq / Algeria / Egypt / Mauritania / Morocco / Palestine / Saudi Arabia / Sudan / Tunisia / Yemen,"Raiho-shin, ritual visits of deities in masks and costumes",inscribed,APA,2018,
Iraq / Algeria / Egypt / Mauritania / Morocco / Palestine / Saudi Arabia / Sudan / Tunisia / Yemen,"Traditional skills, techniques and knowledge for the conservation and transmission of wooden architecture in Japan",inscribed,APA,2020,
Iraq / Algeria / Egypt / Mauritania / Morocco / Palestine / Saudi Arabia / Sudan / Tunisia / Yemen,"Furyu-odori, ritual dances imbued with people's hopes and prayers",inscribed,APA,2022,
Iraq / Algeria / Egypt / Mauritania / Morocco / Palestine / Saudi Arabia / Sudan / Tunisia / Yemen,The Cultural Space of the Bedu in Petra and Wadi Rum,proclaimed,AST,2005,
Iraq / Algeria / Egypt / Mauritania / Morocco / Palestine / Saudi Arabia / Sudan / Tunisia / Yemen,The Cultural Space of the Bedu in Petra and Wadi Rum,inscribed,AST,2008,
Iraq / Algeria / Egypt / Mauritania / Morocco / Palestine / Saudi Arabia / Sudan / Tunisia / Yemen,As-Samer in Jordan,inscribed,AST,2018,
Iraq / Algeria / Egypt / Mauritania / Morocco / Palestine / Saudi Arabia / Sudan / Tunisia / Yemen,"Al-Mansaf in Jordan, a festive banquet and its social and cultural meanings",inscribed,AST,2022,
Iraq / Algeria / Egypt / Mauritania / Morocco / Palestine / Saudi Arabia / Sudan / Tunisia / Yemen,Kazakh traditional art of Dombra Kuy,inscribed,APA,2014,
Iraq / Algeria / Egypt / Mauritania / Morocco / Palestine / Saudi Arabia / Sudan / Tunisia / Yemen,Kazakh traditional Assyk games,inscribed,APA,2017,
Iraq / Algeria / Egypt / Mauritania / Morocco / Palestine / Saudi Arabia / Sudan / Tunisia / Yemen,Traditional spring festive rites of the Kazakh horse breeders,inscribed,APA,2018,
Iraq / Algeria / Egypt / Mauritania / Morocco / Palestine / Saudi Arabia / Sudan / Tunisia / Yemen,"Orteke, traditional performing art in Kazakhstan: dance, puppet and music",inscribed,APA,2022,
Kazakhstan / Kyrgyzstan / Turkey,"Traditional intelligence and strategy game: Togyzqumalaq, Toguz Korgool, Mangala/Göçürme",inscribed,APA,2020,
Kuwait / Saudi Arabia,Traditional weaving of Al Sadu,inscribed,ARB,2020,
Kuwait / Saudi Arabia,"The Art of Akyns, Kyrgyz Epic Tellers",proclaimed,APA,2003,
Kuwait / Saudi Arabia,"The Art of Akyns, Kyrgyz Epic Tellers",inscribed,APA,2008,
Kuwait / Saudi Arabia,"Kyrgyz epic trilogy: Manas, Semetey, Seytek",inscribed,APA,2013,
Kuwait / Saudi Arabia,"Kok boru, traditional horse game",inscribed,APA,2017,
Kuwait / Saudi Arabia,"Ak-kalpak craftsmanship, traditional knowledge and skills in making and wearing Kyrgyz men's headwear",inscribed,APA,2019,
Kuwait / Saudi Arabia,"Elechek, Kyrgyz female headwear: traditional knowledge and rituals",inscribed,APA,2023,
Kuwait / Saudi Arabia,Khaen music of the Lao people,inscribed,APA,2017,
Kuwait / Saudi Arabia,Traditional craft of Naga motif weaving in Lao communities,inscribed,APA,2023,
Kuwait / Saudi Arabia,"Zajal, recited or sung poetry",proclaimed,APA,2003,
Kuwait / Saudi Arabia,"Zajal, recited or sung poetry",inscribed,APA,2014,
Kuwait / Saudi Arabia,"Al-Man’ouché, an emblematic culinary practice in Lebanon",proclaimed,APA,2022,
Kuwait / Saudi Arabia,"Al-Man’ouché, an emblematic culinary practice in Lebanon",inscribed,APA,2023,
Kuwait / Saudi Arabia,Cross crafting and its symbolism,proclaimed,ENA,2001,
Kuwait / Saudi Arabia,Cross crafting and its symbolism,inscribed,ENA,2008,
Kuwait / Saudi Arabia,"Sutartinės, Lithuanian multipart songs",inscribed,ENA,2010,
Kuwait / Saudi Arabia,Sodai straw garden making in Lithuania,inscribed,ENA,2023,
Kuwait / Saudi Arabia,Hopping procession of Echternach,inscribed,ENA,2010,
Kuwait / Saudi Arabia,The Woodcrafting Knowledge of the Zafimaniry,proclaimed,AFR,2003,
Kuwait / Saudi Arabia,The Woodcrafting Knowledge of the Zafimaniry,inscribed,AFR,2008,
Kuwait / Saudi Arabia,"Malagasy Kabary, the Malagasy oratorical art",inscribed,AFR,2021,
Kuwait / Saudi Arabia,"Hiragasy, a performing art of the Central Highlands of Madagascar",inscribed,AFR,2023,
Kuwait / Saudi Arabia,The Vimbuza Healing Dance,proclaimed,AFR,2005,
Kuwait / Saudi Arabia,The Vimbuza Healing Dance,inscribed,AFR,2008,
Kuwait / Saudi Arabia,"Tchopa, sacrificial dance of the Lhomwe people of southern Malawi",inscribed,AFR,2014,
Kuwait / Saudi Arabia,"Nsima, culinary tradition of Malawi",inscribed,AFR,2017,
Kuwait / Saudi Arabia,"Mwinoghe, joyous dance",inscribed,AFR,2018,
Mexico / Spain,Artisanal talavera of Puebla and Tlaxcala (Mexico) and ceramics of Talavera de la Reina and El Puente del Arzobispo (Spain) making process,inscribed,LACENA,2019,
Moldova / Romania,The Christmas carols in masculine horde,inscribed,ENA,2013,
Moldova / Romania,Traditional wall-carpet craftsmanship in Romania and the Republic of Moldova,inscribed,ENA,2016,
Moldova / Romania,The art of the traditional blouse with embroidery on the shoulder (altiţă) — an element of cultural identity in Romania and the Republic of Moldova,inscribed,ENA,2022,
Moldova / Romania,The Traditional Music of the Morin Khuur,proclaimed,APA,2003,
Moldova / Romania,The Traditional Music of the Morin Khuur,inscribed,APA,2008,
Moldova / Romania,Mongolian art of singing: Khoomei,inscribed,APA,2010,
Moldova / Romania,The Traditional Naadam festival,inscribed,APA,2010,
Moldova / Romania,Traditional craftsmanship of the Mongol Ger and its associated customs,inscribed,APA,2013,
Moldova / Romania,Mongolian knuckle-bone shooting,inscribed,APA,2014,
Moldova / Romania,Traditional technique of making Airag in Khokhuur and its associated customs,inscribed,APA,2019,
Moldova / Romania,Cultural Heritage of Boka Navy Kotor: a festive representation of a memory and cultural identity,inscribed,ENA,2021,
Moldova / Romania,The Cultural Space of Jemaa el-Fna Square,proclaimed,"AFR, AST",2001,
Moldova / Romania,The Cultural Space of Jemaa el-Fna Square,inscribed,"AFR, AST",2008,
Moldova / Romania,The Moussem of Tan-Tan,proclaimed,"AFR, AST",2005,
Moldova / Romania,The Moussem of Tan-Tan,inscribed,"AFR, AST",2008,
Moldova / Romania,Cherry festival in Sefrou,inscribed,"AFR, AST",2012,
Moldova / Romania,"Argan, practices and know-how concerning the argan tree",inscribed,"AFR, AST",2014,
Moldova / Romania,"Taskiwin, martial dance of the western High Atlas",inscribed,"AFR, AST",2017,
Moldova / Romania,Gnawa,inscribed,"AFR, AST",2019,
Moldova / Romania,Tbourida,inscribed,"AFR, AST",2021,
Moldova / Romania,"Malhun, a popular poetic and musical art",inscribed,"AFR, AST",2023,
Moldova / Romania,The Chopi Timbila,proclaimed,AFR,2005,
Moldova / Romania,The Chopi Timbila,inscribed,AFR,2008,
Moldova / Romania,"Oshituthi shomagongo, marula fruit festival",inscribed,AFR,2015,
Moldova / Romania,Craft of the miller operating windmills and watermills,inscribed,ENA,2017,
Moldova / Romania,"Corso culture, flower and fruit parades in the Netherlands",inscribed,ENA,2021,
Moldova / Romania,Rotterdam Summer Carnival,inscribed,ENA,2023,
Moldova / Romania,El Güegüense,proclaimed,LAC,2005,
Moldova / Romania,El Güegüense,inscribed,LAC,2008,
Moldova / Romania,Practices and expressions of joking relationships in Niger,inscribed,AFR,2014,
Moldova / Romania,The Ifá Divination System,proclaimed,AFR,2005,
Moldova / Romania,The Ifá Divination System,inscribed,AFR,2008,
Moldova / Romania,Ijele masquerade,inscribed,AFR,2009,
Moldova / Romania,The Argungu Fishing Festival,inscribed,AFR,2016,
Moldova / Romania,Kwagh-Hir theatrical performance,inscribed,AFR,2019,
Moldova / Romania,"Sango Festival, Oyo",inscribed,AFR,2023,
Moldova / Romania,Arirang folk song in the Democratic People's Republic of Korea,inscribed,APA,2014,
Moldova / Romania,Tradition of kimchi-making in the Democratic People's Republic of Korea,inscribed,APA,2015,
Moldova / Romania,Pyongyang Raengmyon custom,inscribed,APA,2022,
North Korea / South Korea,Traditional Korean wrestling (Ssirum/Ssireum),inscribed,APA,2018,
North Korea / South Korea,Feast of the Holy Forty Martyrs in Štip,inscribed,ENA,2013,
North Korea / South Korea,"Kopachkata, a social dance from the village of Dramche, Pijanec",inscribed,ENA,2014,
North Macedonia / Turkey,"Spring celebration, Hıdrellez",inscribed,ENA,2017,
North Macedonia / Turkey,"Practice of traditional music and dance in Setesdal, playing, dancing and singing (stev/stevjing)",inscribed,ENA,2019,
North Macedonia / Turkey,"Al-Bar’ah, music and dance of Oman Dhofari valleys",inscribed,ARB,2010,
North Macedonia / Turkey,"Al 'azi, elegy, processional march and poetry",inscribed,ARB,2012,
North Macedonia / Turkey,Horse and camel Ardhah,inscribed,ARB,2018,
North Macedonia / Turkey,"Al-Khanjar, craft skills and social practices",inscribed,ARB,2022,
Oman / Qatar / Saudi Arabia / United Arab Emirates,"Majlis, a cultural and social space",inscribed,ARB,2015,
Oman / Qatar / Saudi Arabia / United Arab Emirates,"Arabic coffee, a symbol of generosity",inscribed,ARB,2015,
Oman / Saudi Arabia / United Arab Emirates,"Alheda'a, oral traditions of calling camel flocks",inscribed,ARB,2022,
Oman / United Arab Emirates,"Al-Ayyala, a traditional performing art of the Sultanate of Oman and the United Arab Emirates",inscribed,ARB,2014,
Oman / United Arab Emirates,"Al-Taghrooda, traditional Bedouin chanted poetry",inscribed,ARB,2012,
Oman / United Arab Emirates,"Al-Razfa, a traditional performing art",inscribed,ARB,2015,
Oman / United Arab Emirates,"Camel racing, a social practice and a festive heritage associated with camels",inscribed,ARB,2020,
Oman / United Arab Emirates,The Palestinian hikaye,proclaimed,AST,2005,
Oman / United Arab Emirates,The Palestinian hikaye,inscribed,AST,2008,
Oman / United Arab Emirates,"The art of embroidery in Palestine, practices, skills, knowledge and rituals",inscribed,AST,2021,
Oman / United Arab Emirates,"Dabkeh, traditional dance in Palestine",inscribed,AST,2023,
Oman / United Arab Emirates,"Artisanal processes and plant fibers techniques for talcos, crinejas and pintas weaving of the pinta'o hat",inscribed,LAC,2017,
Oman / United Arab Emirates,Ritual and festive expressions of the Congo culture,inscribed,LAC,2018,
Oman / United Arab Emirates,Dances and expressions associated with the Corpus Christi Festivity,inscribed,LAC,2021,
Oman / United Arab Emirates,"Practices and traditional knowledge of Terere in the culture of Pohã Ñana, Guaraní ancestral drink in Paraguay",inscribed,LAC,2020,
Oman / United Arab Emirates,Taquile and its Textile Art,proclaimed,LAC,2005,
Oman / United Arab Emirates,Taquile and its Textile Art,inscribed,LAC,2008,
Oman / United Arab Emirates,"Huaconada, ritual dance of Mito",inscribed,LAC,2010,
Oman / United Arab Emirates,The scissors dance,inscribed,LAC,2010,
Oman / United Arab Emirates,Pilgrimage to the sanctuary of the Lord of Qoyllurit'i,inscribed,LAC,2011,
Oman / United Arab Emirates,"Knowledge, skills and rituals related to the annual renewal of the Q'eswachaka bridge",inscribed,LAC,2013,
Oman / United Arab Emirates,"Virgen de la Candelaria, Harákmbut sung prayers of Peru's Huachipaire people",inscribed,LAC,2014,
Oman / United Arab Emirates,Wititi dance of the Colca Valley,inscribed,LAC,2015,
Oman / United Arab Emirates,Traditional system of Corongo's water judges,inscribed,LAC,2017,
Oman / United Arab Emirates,'Hatajo de Negritos' and 'Hatajo de Pallitas' from the Peruvian south-central coastline,inscribed,LAC,2019,
Oman / United Arab Emirates,"Pottery-related values, knowledge, lore and practices of the Awajún people",inscribed,LAC,2021,
Oman / United Arab Emirates,"Practices and meanings associated with the preparation and consumption of ceviche, an expression of Peruvian traditional cuisine",proclaimed,LAC,2023,
Oman / United Arab Emirates,"Practices and meanings associated with the preparation and consumption of ceviche, an expression of Peruvian traditional cuisine",inscribed,LAC,2023,
Oman / United Arab Emirates,The Hudhud Chants of the Ifugao,proclaimed,APA,2001,
Oman / United Arab Emirates,The Hudhud Chants of the Ifugao,inscribed,APA,2008,
Oman / United Arab Emirates,The Darangen Epic of the Maranao People of Lake Lanao,proclaimed,APA,2005,
Oman / United Arab Emirates,The Darangen Epic of the Maranao People of Lake Lanao,inscribed,APA,2008,
Oman / United Arab Emirates,Aklan piña handloom weaving,inscribed,APA,2023,
Oman / United Arab Emirates,Nativity scene tradition in Kraków,inscribed,ENA,2018,
Oman / United Arab Emirates,Flower carpets tradition for Corpus Christi processions,inscribed,ENA,2021,
Oman / United Arab Emirates,"Polonaise, traditional Polish dance",inscribed,ENA,2023,
Oman / United Arab Emirates,"The Fado, urban popular song of Portugal, performance genre incorporating music and poetry widely practised in the country and among emigrant communities",inscribed,ENA,2011,
Oman / United Arab Emirates,"The Cante Alentejano, polyphonic singing from Alentejo, southern Portugal",inscribed,ENA,2014,
Oman / United Arab Emirates,Craftmanship of Estremoz clay figures,inscribed,ENA,2017,
Oman / United Arab Emirates,"Winter festivities, Carnival of Podence",inscribed,ENA,2019,
Oman / United Arab Emirates,Community festivities in Campo Maior,inscribed,ENA,2021,
Oman / United Arab Emirates,The Căluș tradition,proclaimed,ENA,2005,
Oman / United Arab Emirates,The Căluș tradition,inscribed,ENA,2008,
Oman / United Arab Emirates,Doina,inscribed,ENA,2009,
Oman / United Arab Emirates,The Horezu ceramics,inscribed,ENA,2012,
Oman / United Arab Emirates,Lad's dances,inscribed,ENA,2015,
Oman / United Arab Emirates,The Cultural Space and Oral Culture of the Semeiskie,proclaimed,ENA,2001,
Oman / United Arab Emirates,The Cultural Space and Oral Culture of the Semeiskie,inscribed,ENA,2008,
Oman / United Arab Emirates,"The Olonkho, Yakut Heroic Epos",proclaimed,ENA,2005,
Oman / United Arab Emirates,"The Olonkho, Yakut Heroic Epos",inscribed,ENA,2008,
Oman / United Arab Emirates,"'Ie Samoa, fine mat and its cultural value",inscribed,APA,2019,
Oman / United Arab Emirates,"Alardah Alnajdiyah, dance, drumming and poetry in Saudi Arabia",inscribed,ARB,2015,
Oman / United Arab Emirates,"Almezmar, drumming and dancing with sticks",inscribed,ARB,2016,
Oman / United Arab Emirates,"Al-Qatt Al-Asiri, female traditional interior wall decoration in Asir, Saudi Arabia",inscribed,ARB,2017,
Oman / United Arab Emirates,Knowledge and practices related to cultivating Khawlani coffee beans,inscribed,ARB,2022,
Saudi Arabia / Algeria / Bahrain / Egypt / Iraq / Jordan / Kuwait / Lebanon / Mauritania / Morocco / Oman / Palestine / Sudan / Tunisia / United Arab Emirates / Yemen,"Arabic calligraphy: knowledge, skills and practices",inscribed,ARB,2021,
Saudi Arabia / Algeria / Bahrain / Egypt / Iraq / Jordan / Kuwait / Lebanon / Mauritania / Morocco / Oman / Palestine / Sudan / Tunisia / United Arab Emirates / Yemen,"Xooy, a divination ceremony among the Serer of Senegal",inscribed,AFR,2013,
Saudi Arabia / Algeria / Bahrain / Egypt / Iraq / Jordan / Kuwait / Lebanon / Mauritania / Morocco / Oman / Palestine / Sudan / Tunisia / United Arab Emirates / Yemen,"Ceebu Jën, a culinary art of Senegal",inscribed,AFR,2021,
Saudi Arabia / Algeria / Bahrain / Egypt / Iraq / Jordan / Kuwait / Lebanon / Mauritania / Morocco / Oman / Palestine / Sudan / Tunisia / United Arab Emirates / Yemen,"Slava, celebration of family saint patron's day",inscribed,ENA,2014,
Saudi Arabia / Algeria / Bahrain / Egypt / Iraq / Jordan / Kuwait / Lebanon / Mauritania / Morocco / Oman / Palestine / Sudan / Tunisia / United Arab Emirates / Yemen,"Kolo, traditional folk dance",inscribed,ENA,2017,
Saudi Arabia / Algeria / Bahrain / Egypt / Iraq / Jordan / Kuwait / Lebanon / Mauritania / Morocco / Oman / Palestine / Sudan / Tunisia / United Arab Emirates / Yemen,Singing to the accompaniment of the gusle,inscribed,ENA,2018,
Saudi Arabia / Algeria / Bahrain / Egypt / Iraq / Jordan / Kuwait / Lebanon / Mauritania / Morocco / Oman / Palestine / Sudan / Tunisia / United Arab Emirates / Yemen,Zlakusa pottery,inscribed,ENA,2020,
Saudi Arabia / Algeria / Bahrain / Egypt / Iraq / Jordan / Kuwait / Lebanon / Mauritania / Morocco / Oman / Palestine / Sudan / Tunisia / United Arab Emirates / Yemen,Social practices and knowledge related to the preparation and use of the traditional plum spirit – šljivovica,inscribed,ENA,2022,
Saudi Arabia / Algeria / Bahrain / Egypt / Iraq / Jordan / Kuwait / Lebanon / Mauritania / Morocco / Oman / Palestine / Sudan / Tunisia / United Arab Emirates / Yemen,Moutya,inscribed,AFR,2021,
Saudi Arabia / Algeria / Bahrain / Egypt / Iraq / Jordan / Kuwait / Lebanon / Mauritania / Morocco / Oman / Palestine / Sudan / Tunisia / United Arab Emirates / Yemen,Hawker culture,inscribed,APA,2020,
Saudi Arabia / Algeria / Bahrain / Egypt / Iraq / Jordan / Kuwait / Lebanon / Mauritania / Morocco / Oman / Palestine / Sudan / Tunisia / United Arab Emirates / Yemen,Fujara and its music,proclaimed,ENA,2005,
Saudi Arabia / Algeria / Bahrain / Egypt / Iraq / Jordan / Kuwait / Lebanon / Mauritania / Morocco / Oman / Palestine / Sudan / Tunisia / United Arab Emirates / Yemen,Fujara and its music,inscribed,ENA,2008,
Saudi Arabia / Algeria / Bahrain / Egypt / Iraq / Jordan / Kuwait / Lebanon / Mauritania / Morocco / Oman / Palestine / Sudan / Tunisia / United Arab Emirates / Yemen,Music of Terchová,inscribed,ENA,2013,
Saudi Arabia / Algeria / Bahrain / Egypt / Iraq / Jordan / Kuwait / Lebanon / Mauritania / Morocco / Oman / Palestine / Sudan / Tunisia / United Arab Emirates / Yemen,Bagpipe culture,inscribed,ENA,2015,
Saudi Arabia / Algeria / Bahrain / Egypt / Iraq / Jordan / Kuwait / Lebanon / Mauritania / Morocco / Oman / Palestine / Sudan / Tunisia / United Arab Emirates / Yemen,Multipart singing of Horehronie,inscribed,ENA,2017,
Saudi Arabia / Algeria / Bahrain / Egypt / Iraq / Jordan / Kuwait / Lebanon / Mauritania / Morocco / Oman / Palestine / Sudan / Tunisia / United Arab Emirates / Yemen,"Drotárstvo, wire craft and art",inscribed,ENA,2019,
Saudi Arabia / Algeria / Bahrain / Egypt / Iraq / Jordan / Kuwait / Lebanon / Mauritania / Morocco / Oman / Palestine / Sudan / Tunisia / United Arab Emirates / Yemen,Škofja Loka passion play,inscribed,ENA,2016,
Saudi Arabia / Algeria / Bahrain / Egypt / Iraq / Jordan / Kuwait / Lebanon / Mauritania / Morocco / Oman / Palestine / Sudan / Tunisia / United Arab Emirates / Yemen,Door-to-door rounds of Kurenti,inscribed,ENA,2017,
Saudi Arabia / Algeria / Bahrain / Egypt / Iraq / Jordan / Kuwait / Lebanon / Mauritania / Morocco / Oman / Palestine / Sudan / Tunisia / United Arab Emirates / Yemen,Bobbin lacemaking in Slovenia,inscribed,ENA,2018,
Saudi Arabia / Algeria / Bahrain / Egypt / Iraq / Jordan / Kuwait / Lebanon / Mauritania / Morocco / Oman / Palestine / Sudan / Tunisia / United Arab Emirates / Yemen,"Beekeeping in Slovenia, a way of life",inscribed,ENA,2022,
Saudi Arabia / Algeria / Bahrain / Egypt / Iraq / Jordan / Kuwait / Lebanon / Mauritania / Morocco / Oman / Palestine / Sudan / Tunisia / United Arab Emirates / Yemen,Royal Ancestral Ritual in the Jongmyo Shrine and its Music,proclaimed,APA,2001,
Saudi Arabia / Algeria / Bahrain / Egypt / Iraq / Jordan / Kuwait / Lebanon / Mauritania / Morocco / Oman / Palestine / Sudan / Tunisia / United Arab Emirates / Yemen,Royal Ancestral Ritual in the Jongmyo Shrine and its Music,inscribed,APA,2008,
Saudi Arabia / Algeria / Bahrain / Egypt / Iraq / Jordan / Kuwait / Lebanon / Mauritania / Morocco / Oman / Palestine / Sudan / Tunisia / United Arab Emirates / Yemen,Pansori singing,proclaimed,APA,2003,
Saudi Arabia / Algeria / Bahrain / Egypt / Iraq / Jordan / Kuwait / Lebanon / Mauritania / Morocco / Oman / Palestine / Sudan / Tunisia / United Arab Emirates / Yemen,Pansori singing,inscribed,APA,2008,
Saudi Arabia / Algeria / Bahrain / Egypt / Iraq / Jordan / Kuwait / Lebanon / Mauritania / Morocco / Oman / Palestine / Sudan / Tunisia / United Arab Emirates / Yemen,Gangneung Danoje,proclaimed,APA,2005,
Saudi Arabia / Algeria / Bahrain / Egypt / Iraq / Jordan / Kuwait / Lebanon / Mauritania / Morocco / Oman / Palestine / Sudan / Tunisia / United Arab Emirates / Yemen,Gangneung Danoje,inscribed,APA,2008,
Saudi Arabia / Algeria / Bahrain / Egypt / Iraq / Jordan / Kuwait / Lebanon / Mauritania / Morocco / Oman / Palestine / Sudan / Tunisia / United Arab Emirates / Yemen,Cheoyongmu,inscribed,APA,2009,
Saudi Arabia / Algeria / Bahrain / Egypt / Iraq / Jordan / Kuwait / Lebanon / Mauritania / Morocco / Oman / Palestine / Sudan / Tunisia / United Arab Emirates / Yemen,Ganggangsullae,inscribed,APA,2009,
Saudi Arabia / Algeria / Bahrain / Egypt / Iraq / Jordan / Kuwait / Lebanon / Mauritania / Morocco / Oman / Palestine / Sudan / Tunisia / United Arab Emirates / Yemen,Jeju Chilmeoridang Yeongdeunggut,inscribed,APA,2009,
Saudi Arabia / Algeria / Bahrain / Egypt / Iraq / Jordan / Kuwait / Lebanon / Mauritania / Morocco / Oman / Palestine / Sudan / Tunisia / United Arab Emirates / Yemen,Namsadang Nori,inscribed,APA,2009,
Saudi Arabia / Algeria / Bahrain / Egypt / Iraq / Jordan / Kuwait / Lebanon / Mauritania / Morocco / Oman / Palestine / Sudan / Tunisia / United Arab Emirates / Yemen,Yeongsanjae,inscribed,APA,2009,
Saudi Arabia / Algeria / Bahrain / Egypt / Iraq / Jordan / Kuwait / Lebanon / Mauritania / Morocco / Oman / Palestine / Sudan / Tunisia / United Arab Emirates / Yemen,"Daemokjang, traditional wooden architecture",inscribed,APA,2010,
Saudi Arabia / Algeria / Bahrain / Egypt / Iraq / Jordan / Kuwait / Lebanon / Mauritania / Morocco / Oman / Palestine / Sudan / Tunisia / United Arab Emirates / Yemen,"Gagok, lyric song cycles accompanied by an orchestra",inscribed,APA,2010,
Saudi Arabia / Algeria / Bahrain / Egypt / Iraq / Jordan / Kuwait / Lebanon / Mauritania / Morocco / Oman / Palestine / Sudan / Tunisia / United Arab Emirates / Yemen,"Jultagi, tightrope walking",inscribed,APA,2011,
Saudi Arabia / Algeria / Bahrain / Egypt / Iraq / Jordan / Kuwait / Lebanon / Mauritania / Morocco / Oman / Palestine / Sudan / Tunisia / United Arab Emirates / Yemen,"Taekkyeon, a traditional Korean martial art",inscribed,APA,2011,
Saudi Arabia / Algeria / Bahrain / Egypt / Iraq / Jordan / Kuwait / Lebanon / Mauritania / Morocco / Oman / Palestine / Sudan / Tunisia / United Arab Emirates / Yemen,Weaving of Mosi (fine ramie) in the Hansan region,inscribed,APA,2011,
Saudi Arabia / Algeria / Bahrain / Egypt / Iraq / Jordan / Kuwait / Lebanon / Mauritania / Morocco / Oman / Palestine / Sudan / Tunisia / United Arab Emirates / Yemen,"Arirang, lyrical folk song in the Republic of Korea",inscribed,APA,2012,
Saudi Arabia / Algeria / Bahrain / Egypt / Iraq / Jordan / Kuwait / Lebanon / Mauritania / Morocco / Oman / Palestine / Sudan / Tunisia / United Arab Emirates / Yemen,"Kimjang, making and sharing Kimchi in the Republic of Korea",inscribed,APA,2013,
Saudi Arabia / Algeria / Bahrain / Egypt / Iraq / Jordan / Kuwait / Lebanon / Mauritania / Morocco / Oman / Palestine / Sudan / Tunisia / United Arab Emirates / Yemen,"Nongak, community band music, dance and rituals in the Republic of Korea",inscribed,APA,2014,
Saudi Arabia / Algeria / Bahrain / Egypt / Iraq / Jordan / Kuwait / Lebanon / Mauritania / Morocco / Oman / Palestine / Sudan / Tunisia / United Arab Emirates / Yemen,Culture of Jeju Haenyeo (women divers),inscribed,APA,2016,
Saudi Arabia / Algeria / Bahrain / Egypt / Iraq / Jordan / Kuwait / Lebanon / Mauritania / Morocco / Oman / Palestine / Sudan / Tunisia / United Arab Emirates / Yemen,"Yeondeunghoe, lantern lighting festival in the Republic of Korea",inscribed,APA,2020,
Saudi Arabia / Algeria / Bahrain / Egypt / Iraq / Jordan / Kuwait / Lebanon / Mauritania / Morocco / Oman / Palestine / Sudan / Tunisia / United Arab Emirates / Yemen,"Talchum, mask dance drama in the Republic of Korea",inscribed,APA,2022,
Saudi Arabia / Algeria / Bahrain / Egypt / Iraq / Jordan / Kuwait / Lebanon / Mauritania / Morocco / Oman / Palestine / Sudan / Tunisia / United Arab Emirates / Yemen,The Mystery Play of Elche,proclaimed,ENA,2001,
Saudi Arabia / Algeria / Bahrain / Egypt / Iraq / Jordan / Kuwait / Lebanon / Mauritania / Morocco / Oman / Palestine / Sudan / Tunisia / United Arab Emirates / Yemen,The Mystery Play of Elche,inscribed,ENA,2008,
Saudi Arabia / Algeria / Bahrain / Egypt / Iraq / Jordan / Kuwait / Lebanon / Mauritania / Morocco / Oman / Palestine / Sudan / Tunisia / United Arab Emirates / Yemen,The Patum of Berga,proclaimed,ENA,2005,
Saudi Arabia / Algeria / Bahrain / Egypt / Iraq / Jordan / Kuwait / Lebanon / Mauritania / Morocco / Oman / Palestine / Sudan / Tunisia / United Arab Emirates / Yemen,The Patum of Berga,inscribed,ENA,2008,
Saudi Arabia / Algeria / Bahrain / Egypt / Iraq / Jordan / Kuwait / Lebanon / Mauritania / Morocco / Oman / Palestine / Sudan / Tunisia / United Arab Emirates / Yemen,Irrigators' tribunals of the Spanish Mediterranean coast: the Council of Wise Men of the plain of Murcia and the Water Tribunal of the plain of Valencia,inscribed,ENA,2009,
Saudi Arabia / Algeria / Bahrain / Egypt / Iraq / Jordan / Kuwait / Lebanon / Mauritania / Morocco / Oman / Palestine / Sudan / Tunisia / United Arab Emirates / Yemen,Whistled language of the island of La Gomera,inscribed,ENA,2009,
Saudi Arabia / Algeria / Bahrain / Egypt / Iraq / Jordan / Kuwait / Lebanon / Mauritania / Morocco / Oman / Palestine / Sudan / Tunisia / United Arab Emirates / Yemen,Human towers,inscribed,ENA,2010,
Saudi Arabia / Algeria / Bahrain / Egypt / Iraq / Jordan / Kuwait / Lebanon / Mauritania / Morocco / Oman / Palestine / Sudan / Tunisia / United Arab Emirates / Yemen,Flamenco,inscribed,ENA,2010,
Saudi Arabia / Algeria / Bahrain / Egypt / Iraq / Jordan / Kuwait / Lebanon / Mauritania / Morocco / Oman / Palestine / Sudan / Tunisia / United Arab Emirates / Yemen,Chant of the Sybil on Majorca,inscribed,ENA,2010,
Saudi Arabia / Algeria / Bahrain / Egypt / Iraq / Jordan / Kuwait / Lebanon / Mauritania / Morocco / Oman / Palestine / Sudan / Tunisia / United Arab Emirates / Yemen,Festivity of 'la Mare de Déu de la Salut' of Algemesí,inscribed,ENA,2011,
Saudi Arabia / Algeria / Bahrain / Egypt / Iraq / Jordan / Kuwait / Lebanon / Mauritania / Morocco / Oman / Palestine / Sudan / Tunisia / United Arab Emirates / Yemen,Fiesta of the patios in Cordoba,inscribed,ENA,2012,
Saudi Arabia / Algeria / Bahrain / Egypt / Iraq / Jordan / Kuwait / Lebanon / Mauritania / Morocco / Oman / Palestine / Sudan / Tunisia / United Arab Emirates / Yemen,Valencia Fallas festivity,inscribed,ENA,2016,
Saudi Arabia / Algeria / Bahrain / Egypt / Iraq / Jordan / Kuwait / Lebanon / Mauritania / Morocco / Oman / Palestine / Sudan / Tunisia / United Arab Emirates / Yemen,Tamboradas drum-playing rituals,inscribed,ENA,2018,
Saudi Arabia / Algeria / Bahrain / Egypt / Iraq / Jordan / Kuwait / Lebanon / Mauritania / Morocco / Oman / Palestine / Sudan / Tunisia / United Arab Emirates / Yemen,Wine Horses,inscribed,ENA,2020,
Saudi Arabia / Algeria / Bahrain / Egypt / Iraq / Jordan / Kuwait / Lebanon / Mauritania / Morocco / Oman / Palestine / Sudan / Tunisia / United Arab Emirates / Yemen,Manual bell ringing,inscribed,ENA,2022,
Saudi Arabia / Algeria / Bahrain / Egypt / Iraq / Jordan / Kuwait / Lebanon / Mauritania / Morocco / Oman / Palestine / Sudan / Tunisia / United Arab Emirates / Yemen,"Rūkada Nātya, traditional string puppet drama in Sri Lanka",inscribed,APA,2018,
Saudi Arabia / Algeria / Bahrain / Egypt / Iraq / Jordan / Kuwait / Lebanon / Mauritania / Morocco / Oman / Palestine / Sudan / Tunisia / United Arab Emirates / Yemen,Traditional craftsmanship of making Dumbara Ratā Kalāla,inscribed,APA,2021,
Saudi Arabia / Algeria / Bahrain / Egypt / Iraq / Jordan / Kuwait / Lebanon / Mauritania / Morocco / Oman / Palestine / Sudan / Tunisia / United Arab Emirates / Yemen,Procession and celebrations of Prophet Mohammed's birthday in Sudan,inscribed,AFR,2023,
Saudi Arabia / Algeria / Bahrain / Egypt / Iraq / Jordan / Kuwait / Lebanon / Mauritania / Morocco / Oman / Palestine / Sudan / Tunisia / United Arab Emirates / Yemen,Winegrowers' Festival in Vevey (Fête des Vignerons),inscribed,ENA,2016,
Saudi Arabia / Algeria / Bahrain / Egypt / Iraq / Jordan / Kuwait / Lebanon / Mauritania / Morocco / Oman / Palestine / Sudan / Tunisia / United Arab Emirates / Yemen,Basel Carnival,inscribed,ENA,2017,
Saudi Arabia / Algeria / Bahrain / Egypt / Iraq / Jordan / Kuwait / Lebanon / Mauritania / Morocco / Oman / Palestine / Sudan / Tunisia / United Arab Emirates / Yemen,Holy Week processions in Mendrisio,inscribed,ENA,2019,
Saudi Arabia / Algeria / Bahrain / Egypt / Iraq / Jordan / Kuwait / Lebanon / Mauritania / Morocco / Oman / Palestine / Sudan / Tunisia / United Arab Emirates / Yemen,Alpine pasture season,inscribed,ENA,2023,
Saudi Arabia / Algeria / Bahrain / Egypt / Iraq / Jordan / Kuwait / Lebanon / Mauritania / Morocco / Oman / Palestine / Sudan / Tunisia / United Arab Emirates / Yemen,Practices and craftsmanship associated with the Damascene rose in Al-Mrah,inscribed,ARB,2019,
Saudi Arabia / Algeria / Bahrain / Egypt / Iraq / Jordan / Kuwait / Lebanon / Mauritania / Morocco / Oman / Palestine / Sudan / Tunisia / United Arab Emirates / Yemen,Al-Qudoud al-Halabiya,inscribed,ARB,2021,
Saudi Arabia / Algeria / Bahrain / Egypt / Iraq / Jordan / Kuwait / Lebanon / Mauritania / Morocco / Oman / Palestine / Sudan / Tunisia / United Arab Emirates / Yemen,"Oshi Palav, a traditional meal and its social and cultural contexts",inscribed,APA,2016,
Saudi Arabia / Algeria / Bahrain / Egypt / Iraq / Jordan / Kuwait / Lebanon / Mauritania / Morocco / Oman / Palestine / Sudan / Tunisia / United Arab Emirates / Yemen,"Chakan, embroidery art",inscribed,APA,2018,
Saudi Arabia / Algeria / Bahrain / Egypt / Iraq / Jordan / Kuwait / Lebanon / Mauritania / Morocco / Oman / Palestine / Sudan / Tunisia / United Arab Emirates / Yemen,Falak,inscribed,APA,2021,
Saudi Arabia / Algeria / Bahrain / Egypt / Iraq / Jordan / Kuwait / Lebanon / Mauritania / Morocco / Oman / Palestine / Sudan / Tunisia / United Arab Emirates / Yemen,Traditional knowledge and skills of production of the atlas and adras fabrics,inscribed,APA,2023,
Turkmenistan / Iran,Turkmen-style needlework art,inscribed,APA,2022,
Turkmenistan / Iran,Barkcloth Making in Uganda,proclaimed,AFR,2005,
Turkmenistan / Iran,Barkcloth Making in Uganda,inscribed,AFR,2008,
Turkmenistan / Iran,Petrykivka decorative painting as a phenomenon of the Ukrainian ornamental folk art,inscribed,ENA,2013,
Turkmenistan / Iran,Tradition of Kosiv painted ceramics,inscribed,ENA,2019,
Turkmenistan / Iran,"Ornek, a Crimean Tatar ornament and knowledge about it",inscribed,ENA,2021,
Turkmenistan / Iran,"Al Aflaj, traditional irrigation network system in the UAE, oral traditions, knowledge and skills of construction, maintenance and equitable water distribution",inscribed,ARB,2020,
Turkmenistan / Iran,"Al Talli, traditional embroidery skills in the United Arab Emirates",inscribed,ARB,2022,
United Arab Emirates / Oman / Saudi Arabia,"Harees dish: know-how, skills and practices",inscribed,ARB,2023,
United Arab Emirates / Oman / Saudi Arabia,The Candombe and its socio-cultural space: a community practice,inscribed,LAC,2009,
United Arab Emirates / Oman / Saudi Arabia,The Cultural Space of the Boysun District,proclaimed,APA,2001,
United Arab Emirates / Oman / Saudi Arabia,The Cultural Space of the Boysun District,inscribed,APA,2008,
United Arab Emirates / Oman / Saudi Arabia,Katta Ashula,inscribed,APA,2009,
United Arab Emirates / Oman / Saudi Arabia,"Askiya, the art of wit",inscribed,APA,2014,
United Arab Emirates / Oman / Saudi Arabia,Palov culture and tradition,inscribed,APA,2016,
United Arab Emirates / Oman / Saudi Arabia,"Khorazm dance, Lazgi",inscribed,APA,2019,
United Arab Emirates / Oman / Saudi Arabia,Bakhshi art,inscribed,APA,2021,
United Arab Emirates / Oman / Saudi Arabia,Ceramic arts in Uzbekistan,inscribed,APA,2023,
United Arab Emirates / Oman / Saudi Arabia,Vanuatu Sand Drawings,proclaimed,APA,2003,
United Arab Emirates / Oman / Saudi Arabia,Vanuatu Sand Drawings,inscribed,APA,2008,
United Arab Emirates / Oman / Saudi Arabia,Dancing Devils of Corpus Christi,inscribed,LAC,2012,
United Arab Emirates / Oman / Saudi Arabia,La Parranda de San Pedro de Guarenas y Guatire,inscribed,LAC,2013,
United Arab Emirates / Oman / Saudi Arabia,Traditional knowledge and technologies relating to the growing and processing of the curagua,inscribed,LAC,2015,
United Arab Emirates / Oman / Saudi Arabia,"Carnival of El Callao, a festive representation of a memory and cultural identity",inscribed,LAC,2016,
United Arab Emirates / Oman / Saudi Arabia,Festive cycle around the devotion and worship towards Saint John the Baptist,inscribed,LAC,2021,
United Arab Emirates / Oman / Saudi Arabia,Space of gong culture,proclaimed,APA,2005,
United Arab Emirates / Oman / Saudi Arabia,Space of gong culture,inscribed,APA,2008,
United Arab Emirates / Oman / Saudi Arabia,"Nhã nhạc, Vietnamese court music",proclaimed,APA,2003,
United Arab Emirates / Oman / Saudi Arabia,"Nhã nhạc, Vietnamese court music",inscribed,APA,2008,
United Arab Emirates / Oman / Saudi Arabia,Quan Họ Bắc Ninh folk songs,inscribed,APA,2009,
United Arab Emirates / Oman / Saudi Arabia,Gióng Festival of Phù Đổng and Sóc Temples,inscribed,APA,2010,
United Arab Emirates / Oman / Saudi Arabia,Worship of Hùng Kings in Phú Thọ,inscribed,APA,2012,
United Arab Emirates / Oman / Saudi Arabia,Art of Đờn ca tài tử music and song in southern Việt Nam,inscribed,APA,2013,
United Arab Emirates / Oman / Saudi Arabia,Ví and Giặm folk songs of Nghệ Tĩnh,inscribed,APA,2014,
United Arab Emirates / Oman / Saudi Arabia,Practices related to the Viet beliefs in the Mother Goddesses of Three Realms,inscribed,APA,2016,
United Arab Emirates / Oman / Saudi Arabia,"Xoan singing of Phú Thọ province, Viet Nam",inscribed,APA,2017,
United Arab Emirates / Oman / Saudi Arabia,The art of Bài chòi in Central Viet Nam,inscribed,APA,2017,
United Arab Emirates / Oman / Saudi Arabia,"Practices of Then by Tày, Nùng and Thái ethnic groups in Viet Nam",inscribed,APA,2019,
United Arab Emirates / Oman / Saudi Arabia,Art of Xòe dance of the Tai people in Viet Nam,inscribed,APA,2021,
United Arab Emirates / Oman / Saudi Arabia,Song of Sana'a,proclaimed,AST,2003,
United Arab Emirates / Oman / Saudi Arabia,Song of Sana'a,inscribed,AST,2008,
United Arab Emirates / Oman / Saudi Arabia,The Makishi Masquerade,proclaimed,AFR,2005,
United Arab Emirates / Oman / Saudi Arabia,The Makishi Masquerade,inscribed,AFR,2008,
United Arab Emirates / Oman / Saudi Arabia,Mooba dance of the Lenje ethnic group,inscribed,AFR,2018,
United Arab Emirates / Oman / Saudi Arabia,Budima dance,inscribed,AFR,2020,
United Arab Emirates / Oman / Saudi Arabia,Kalela dance,inscribed,AFR,2022,
United Arab Emirates / Oman / Saudi Arabia,The Mbende Jerusarema Dance,proclaimed,AFR,2005,
United Arab Emirates / Oman / Saudi Arabia,The Mbende Jerusarema Dance,inscribed,AFR,2008,
