Country,Role,Name,Game_edition,City,Season,Game_name,Start,End
Greece,Emperor,George I,1,Athens,Summer,Athens 1896,1896-04-06,1896-04-15
France,President,Émile Loubet,2,Paris,Summer,Paris 1900,1900-05-14,1900-10-28
United States,President,Theodore Roosevelt,3,St. Louis,Summer,St. Louis 1904,1904-07-01,1904-11-23
United Kingdom,Prime Minister,H. H. Asquith,4,London,Summer,London 1908,1908-04-27,1908-10-31
Sweden,Monarch,Gustaf V,5,Stockholm,Summer,Stockholm 1912,1912-07-06,1912-07-27
Belgium,Monarch,Albert I,7,Antwerp,Summer,Antwerp 1920,1920-08-14,1920-09-12
France,President,Gaston Doumergue,8,Paris,Summer,Paris 1924,1924-07-05,1924-07-27
Netherlands,Monarch,Wilhelmina,9,Amsterdam,Summer,Amsterdam 1928,1928-07-28,1928-08-12
United States,President,Herbert Hoover,10,Los Angeles,Summer,Los Angeles 1932,1932-07-30,1932-08-14
United States,Vice President,Charles Curtis,10,Los Angeles,Summer,Los Angeles 1932,1932-07-30,1932-08-14
Germany,Chancellor,Adolf Hitler,11,Berlin,Summer,Berlin 1936,1936-08-01,1936-08-16
United Kingdom,Monarch,George VI,14,London,Summer,London 1948,1948-07-29,1948-08-14
United Kingdom,Prime Minister,Clement Attlee,14,London,Summer,London 1948,1948-07-29,1948-08-14
Finland,President,Juho Kusti Paasikivi,15,Helsinki,Summer,Helsinki 1952,1952-07-19,1952-08-03
Australia,Monarch,Elizabeth II,16,Melbourne,Summer,Munich 1956,1956-11-22,1956-12-08
Italy,President,Giovanni Gronchi,17,Rome,Summer,Rome 1960,1960-08-25,1960-09-11
Japan,Emperor,Shōwa,18,Tokyo,Summer,Tokyo 1964,1964-10-09,1964-10-24
Mexico,President,Gustavo Díaz Ordaz,19,Mexico City,Summer,Mexico City 1968,1968-10-12,1968-10-28
Germany,President,Gustav Heinemann,20,Munich,Summer,Munich 1972,1972-08-26,1972-09-11
Canada,monarch,Elizabeth II,21,Montreal,Summer,Montreal 1976,1976-07-17,1976-07-31
Soviet Union,General Secretary,Leonid Brezhnev,22,Moscow,Summer,Moscow 1980,1980-07-19,1980-08-03
United States,President,Ronald Reagan,23,Los Angeles,Summer,Los Angeles 1984,1984-07-28,1984-08-12
Republic of Korea,President,Roh Tae-woo,24,Seoul,Summer,Seoul 1988,1988-09-16,1988-10-02
Spain,Monarch,Juan Carlos I,25,Barcelona,Summer,Barcelona 1992,1992-07-25,1992-08-09
Spain,Prime Minister,Felipe González,25,Barcelona,Summer,Barcelona 1992,1992-07-25,1992-08-09
United States,President,Bill Clinton,26,Atlanta,Summer,Atlanta 1996,1996-07-19,1996-08-05
Australia,monarch,Elizabeth II,27,Sydney,Summer,Sydney 2000,2000-09-15,2000-10-01
Australia,Governor-General,William Deane,27,Sydney,Summer,Sydney 2000,2000-09-15,2000-10-01
Australia,Prime Minister,John Howard,27,Sydney,Summer,Sydney 2000,2000-09-15,2000-10-01
Greece,President,Kostas Stephanopoulos,28,Athens,Summer,Athens 2004,2004-08-13,2004-08-29
China,President,Hu Jintao,29,Beijing,Summer,Beijing 2008,2008-08-08,2008-08-24
China,Premier,Wen Jiabao,29,Beijing,Summer,Beijing 2008,2008-08-08,2008-08-24
United Kingdom,Monarch,Elizabeth II,30,London,Summer,London 2012,2012-07-27,2012-08-12
United Kingdom,Prime Minister,David Cameron,30,London,Summer,London 2012,2012-07-27,2012-08-12
Brazil,President,Dilma Rousseff,31,Rio,Summer,Rio 2016,2016-08-05,2016-08-21
Brazil,Vice President,Michel Temer,31,Rio,Summer,Rio 2016,2016-08-05,2016-08-21
Japan,Prime Minister,Yoshihide Suga,32,Tokyo,Summer,Tokyo 2020,2021-07-23,2021-08-08
Japan,Emperor,Naruhito,32,Tokyo,Summer,Tokyo 2020,2021-07-23,2021-08-08
France,President,Emmanuel Macron,33,Paris,Summer,Paris 2024,2024-07-26,2024-08-11
France,President,Alexandre Millerand,1,Chamonix,Winter,Chamonix 1924,1924-01-25,1924-02-05
Switzerland,President,Edmund Schulthess,2,St. Moritz,Winter,St. Moritz 1928,1928-02-11,1928-02-19
United States,President,Herbert Hoover,3,Lake Placid,Winter,Lake Placid 1932,1932-02-04,1932-02-15
Germany,Chancellor,Adolf Hitler,4,Garmisch-Partenkirchen,Winter,Garmisch-Partenkirchen 1936,1936-02-06,1936-02-16
Switzerland,President,Enrico Celio,5,St. Moritz,Winter,St. Moritz 1948,1948-01-30,1948-02-08
Norway,Monarch,Haakon VII,6,Oslo,Winter,Oslo 1952,1952-02-14,1952-02-25
Italy,President,Giovanni Gronchi,7,Cortina d'Ampezzo,Winter,Cortina d'Ampezzo 1956,1956-01-26,1956-02-05
United States,President,Dwight D. Eisenhower,8,Squaw Valley,Winter,Squaw Valley 1960,1960-02-18,1960-02-28
Austria,President,Adolf Schärf,9,Innsbruck,Winter,Innsbruck 1964,1964-01-29,1964-02-09
France,President,Charles de Gaulle,10,Grenoble,Winter,Grenoble 1968,1968-02-06,1968-02-18
Japan,Emperor,Shōwa,11,Sapporo,Winter,Sapporo 1972,1972-02-02,1972-02-13
Austria,President,Rudolf Kirchschläger,12,Innsbruck,Winter,Innsbruck 1976,1976-02-04,1976-02-15
United States,President,Jimmy Carter,13,Lake Placid,Winter,Lake Placid 1980,1980-02-13,1980-02-24
Yugoslavia,President,Mika Špiljak,14,Sarajevo,Winter,Sarajevo 1984,1984-02-08,1984-02-19
Canada,monarch,Elizabeth II,15,Calgary,Winter,Calgary 1988,1988-02-13,1988-02-28
France,President,François Mitterrand,16,Albertville,Winter,Albertville 1992,1992-02-08,1992-02-23
Norway,Prime Minister,Gro Harlem Brundtland,17,Lillehammer,Winter,Lillehammer 1994,1994-02-12,1994-02-27
Japan,Emperor,Akihito,18,Nagano,Winter,Nagano 1998,1998-02-06,1998-02-22
United States,President,George W. Bush,19,Salt Lake City,Winter,Salt Lake City 2002,2002-02-08,2002-02-24
Italy,President,Carlo Azeglio Ciampi,20,Turin,Winter,Turin 2006,2006-02-10,2006-02-26
Italy,Prime Minister,Silvio Berlusconi,20,Turin,Winter,Turin 2006,2006-02-10,2006-02-26
Canada,monarch,Elizabeth II,21,Vancouver,Winter,Vancouver 2010,2010-02-12,2010-02-28
Canada,Prime Minister,Stephen Harper,21,Vancouver,Winter,Vancouver 2010,2010-02-12,2010-02-28
Russia,President,Vladimir Putin,22,Sochi,Winter,Sochi 2014,2014-02-07,2014-02-23
Republic of Korea,President,Moon Jae-in,23,PyeongChang,Winter,PyeongChang 2018,2018-02-08,2018-02-25
China,Premier,Li Keqiang,24,Beijing,Winter,Beijing 2022,2022-02-04,2022-02-20
China,President,Xi Jinping,24,Beijing,Winter,Beijing 2022,2022-02-04,2022-02-20
